{"cameraMode":{"drawMode":0,"name":"Shaded","section":"Shading Mode"},"sceneLighting":true,"audioPlay":false,"sceneViewState":{"m_AlwaysRefresh":true,"showFog":true,"showSkybox":true,"showFlares":true,"showImageEffects":true,"showParticleSystems":true,"showVisualEffectGraphs":true,"m_FxEnabled":true},"in2DMode":false,"pivot":{"x":21.520538330078126,"y":-555.869384765625,"z":2100.975830078125},"rotation":{"x":0.12954258918762208,"y":0.0050523788668215279,"z":-0.0006601141067221761,"w":0.9915579557418823},"size":1094.6636962890625,"orthographic":false}