{"cameraMode":{"drawMode":0,"name":"Shaded","section":"Shading Mode"},"sceneLighting":true,"audioPlay":false,"sceneViewState":{"showFog":true,"showMaterialUpdate":true,"showSkybox":true,"showFlares":true,"showImageEffects":true,"showParticleSystems":true},"in2DMode":false,"pivot":{"x":10.628129959106446,"y":24.217378616333009,"z":-38.07682418823242},"rotation":{"x":-0.23325683176517487,"y":0.025684770196676256,"z":-0.006162609439343214,"w":-0.9720563888549805},"size":53.198509216308597,"orthographic":false}