{"cameraMode":{"drawMode":0,"name":"Shaded","section":"Shading Mode"},"sceneLighting":false,"audioPlay":false,"sceneViewState":{"showFog":true,"showMaterialUpdate":true,"showSkybox":false,"showFlares":true,"showImageEffects":true,"showParticleSystems":true},"in2DMode":false,"pivot":{"x":-2.069999933242798,"y":2.069999933242798,"z":0.15999998152256013},"rotation":{"x":-0.19786281883716584,"y":-0.017935175448656083,"z":0.0036209605168551208,"w":-0.980059027671814},"size":5.992830276489258,"orthographic":false}