{"cameraMode":{"drawMode":0,"name":"Shaded","section":"Shading Mode"},"sceneLighting":false,"audioPlay":false,"sceneViewState":{"showFog":true,"showMaterialUpdate":true,"showSkybox":false,"showFlares":true,"showImageEffects":true,"showParticleSystems":true},"in2DMode":false,"pivot":{"x":-1.809999942779541,"y":4.429599761962891,"z":-2.9802322387695315e-8},"rotation":{"x":0.003288993379101157,"y":-0.010197747498750687,"z":-0.00003350162660353817,"w":-0.9999426007270813},"size":1.6830501556396485,"orthographic":false}